cryptocurrency,date,price
Bitcoin,2023-01-01,40892.406865162
Bitcoin,2023-01-02,49344.7385638714
Bitcoin,2023-01-03,56982.8809578477
Bitcoin,2023-01-04,40023.0680828357
Bitcoin,2023-01-05,53147.1139014921
Bitcoin,2023-01-06,46995.3926975267
Bitcoin,2023-01-07,41272.9435741634
Bitcoin,2023-01-08,54646.6524066612
Bitcoin,2023-01-09,56245.9650360388
Bitcoin,2023-01-10,56644.5301223321
Bitcoin,2023-01-11,44747.2910481849
Bitcoin,2023-01-12,40049.7941694613
Bitcoin,2023-01-13,45996.3176002301
Bitcoin,2023-01-14,48308.1211849761
Bitcoin,2023-01-15,42443.004491321
Bitcoin,2023-01-16,59431.805730806
Bitcoin,2023-01-17,48365.7156100787
Bitcoin,2023-01-18,46105.3174814456
Bitcoin,2023-01-19,47100.7106637865
Bitcoin,2023-01-20,50281.0305427957
Bitcoin,2023-01-21,50169.4878968488
Bitcoin,2023-01-22,49482.0570393767
Bitcoin,2023-01-23,49228.0815870726
Bitcoin,2023-01-24,51260.7532970885
Bitcoin,2023-01-25,46808.7315788863
Bitcoin,2023-01-26,59472.6354611897
Bitcoin,2023-01-27,43068.3746223199
Bitcoin,2023-01-28,53695.9121812064
Bitcoin,2023-01-29,59928.6026730403
Bitcoin,2023-01-30,40510.5506883294
Bitcoin,2023-01-31,40923.4929282517
Bitcoin,2023-02-01,52369.1924494569
Bitcoin,2023-02-02,56196.0670923785
Bitcoin,2023-02-03,40969.9414365017
Bitcoin,2023-02-04,50062.8615251633
Bitcoin,2023-02-05,43717.415145076
Bitcoin,2023-02-06,53606.3583994478
Bitcoin,2023-02-07,54079.6431622833
Bitcoin,2023-02-08,55151.5867824931
Bitcoin,2023-02-09,44034.0060568353
Bitcoin,2023-02-10,53060.7372168563
Bitcoin,2023-02-11,50250.6986637672
Bitcoin,2023-02-12,43040.8178174493
Bitcoin,2023-02-13,40999.1169024643
Bitcoin,2023-02-14,50119.2515042241
Bitcoin,2023-02-15,52170.7329686138
Bitcoin,2023-02-16,46828.2865372856
Bitcoin,2023-02-17,50592.6956378017
Bitcoin,2023-02-18,42179.5261563673
Bitcoin,2023-02-19,59127.9888553682
Bitcoin,2023-02-20,44474.0500906112
Bitcoin,2023-02-21,46173.320975885
Bitcoin,2023-02-22,52787.7843423263
Bitcoin,2023-02-23,49081.1503547725
Bitcoin,2023-02-24,48776.8898416175
Bitcoin,2023-02-25,42102.1693676182
Bitcoin,2023-02-26,44468.3698156843
Bitcoin,2023-02-27,59505.1502733785
Bitcoin,2023-02-28,43790.3718571441
Bitcoin,2023-03-01,40418.8881954076
Bitcoin,2023-03-02,44522.9798716424
Bitcoin,2023-03-03,58345.632987175
Bitcoin,2023-03-04,59836.1680170852
Bitcoin,2023-03-05,57165.5811079546
Bitcoin,2023-03-06,54007.8749741462
Bitcoin,2023-03-07,53447.0061903587
Bitcoin,2023-03-08,50115.4992732673
Bitcoin,2023-03-09,41333.2958853704
Bitcoin,2023-03-10,49142.9662854678
Bitcoin,2023-03-11,41938.2988131962
Bitcoin,2023-03-12,53591.1813570913
Bitcoin,2023-03-13,48542.4503802336
Bitcoin,2023-03-14,58775.0304510455
Bitcoin,2023-03-15,54723.0267630754
Bitcoin,2023-03-16,46143.2428947623
Bitcoin,2023-03-17,41002.7519500606
Bitcoin,2023-03-18,44939.1389300299
Bitcoin,2023-03-19,54838.291232947
Bitcoin,2023-03-20,47343.3272322143
Bitcoin,2023-03-21,45303.4318934043
Bitcoin,2023-03-22,56285.7567285758
Bitcoin,2023-03-23,55662.7714227637
Bitcoin,2023-03-24,46449.685561062
Bitcoin,2023-03-25,54823.0266775962
Bitcoin,2023-03-26,46666.7369344617
Bitcoin,2023-03-27,53053.5543134016
Bitcoin,2023-03-28,40456.0591281803
Bitcoin,2023-03-29,43760.3071604006
Bitcoin,2023-03-30,51084.3834015453
Bitcoin,2023-03-31,46032.6943190517
Bitcoin,2023-04-01,59602.717158865
Bitcoin,2023-04-02,45370.6474696695
Bitcoin,2023-04-03,45159.9581760915
Bitcoin,2023-04-04,43248.9723967007
Bitcoin,2023-04-05,47132.4290457192
Bitcoin,2023-04-06,45840.05646827
Bitcoin,2023-04-07,48558.5841721048
Bitcoin,2023-04-08,53025.5916920382
Bitcoin,2023-04-09,40123.4995154289
Bitcoin,2023-04-10,55978.6633008738
Bitcoin,2023-04-11,54016.6341858347
Bitcoin,2023-04-12,40688.63690108
Bitcoin,2023-04-13,47171.0235512725
Bitcoin,2023-04-14,50530.6805536222
Bitcoin,2023-04-15,47997.6038539302
Bitcoin,2023-04-16,59504.6880780151
Bitcoin,2023-04-17,45202.1222234136
Bitcoin,2023-04-18,50266.4840139417
Bitcoin,2023-04-19,57583.668284783
Bitcoin,2023-04-20,57048.6719975562
Bitcoin,2023-04-21,53816.6235873928
Bitcoin,2023-04-22,46839.0679807097
Bitcoin,2023-04-23,50745.7555399976
Bitcoin,2023-04-24,49868.6069188733
Bitcoin,2023-04-25,58403.7768572668
Bitcoin,2023-04-26,57541.4688582182
Bitcoin,2023-04-27,50924.0849450266
Bitcoin,2023-04-28,45262.2125287717
Bitcoin,2023-04-29,46923.2488150441
Bitcoin,2023-04-30,56501.9169508948
Bitcoin,2023-05-01,50877.7851388286
Bitcoin,2023-05-02,54511.5809823907
Bitcoin,2023-05-03,43412.5384441976
Bitcoin,2023-05-04,56376.265500903
Bitcoin,2023-05-05,48326.6527552418
Bitcoin,2023-05-06,59465.7067225395
Bitcoin,2023-05-07,56356.6427316894
Bitcoin,2023-05-08,44763.6913544138
Bitcoin,2023-05-09,41226.0254809507
Bitcoin,2023-05-10,46836.3861345348
Bitcoin,2023-05-11,40031.4556866118
Bitcoin,2023-05-12,57219.332122115
Bitcoin,2023-05-13,51446.606322549
Bitcoin,2023-05-14,41980.2904462642
Bitcoin,2023-05-15,47762.952473414
Bitcoin,2023-05-16,53936.2941009112
Bitcoin,2023-05-17,55974.523680504
Bitcoin,2023-05-18,51841.9568990178
Bitcoin,2023-05-19,53546.3949623916
Bitcoin,2023-05-20,52742.6107210474
Bitcoin,2023-05-21,48902.140009963
Bitcoin,2023-05-22,58302.622877589
Bitcoin,2023-05-23,56417.6526375883
Bitcoin,2023-05-24,49799.1765939277
Bitcoin,2023-05-25,43481.4298811799
Bitcoin,2023-05-26,48318.2365010438
Bitcoin,2023-05-27,42066.4285248805
Bitcoin,2023-05-28,53367.0929170437
Bitcoin,2023-05-29,51673.9172587324
Bitcoin,2023-05-30,41949.6794339762
Bitcoin,2023-05-31,49222.9276802507
Bitcoin,2023-06-01,48412.7988014919
Bitcoin,2023-06-02,50358.9017090477
Bitcoin,2023-06-03,44201.5380323772
Bitcoin,2023-06-04,55456.3481848069
Bitcoin,2023-06-05,46010.3498025722
Bitcoin,2023-06-06,44930.0401549385
Bitcoin,2023-06-07,44189.2767697574
Bitcoin,2023-06-08,41071.8894061051
Bitcoin,2023-06-09,56267.38800516
Bitcoin,2023-06-10,48245.3672980356
Bitcoin,2023-06-11,41849.1747948217
Bitcoin,2023-06-12,43024.7766537001
Bitcoin,2023-06-13,42284.6306629434
Bitcoin,2023-06-14,50994.8806161509
Bitcoin,2023-06-15,47537.8184990413
Bitcoin,2023-06-16,57923.24580558
Bitcoin,2023-06-17,46350.8616850625
Bitcoin,2023-06-18,50516.0463411298
Bitcoin,2023-06-19,46315.3484593929
Bitcoin,2023-06-20,52871.5623745766
Bitcoin,2023-06-21,50630.2960123796
Bitcoin,2023-06-22,48142.3157763993
Bitcoin,2023-06-23,57453.9405382989
Bitcoin,2023-06-24,51263.4230183098
Bitcoin,2023-06-25,46520.8213611606
Bitcoin,2023-06-26,58397.3594132392
Bitcoin,2023-06-27,57138.8510105686
Bitcoin,2023-06-28,50591.0416170553
Bitcoin,2023-06-29,45656.1672263443
Bitcoin,2023-06-30,50595.8705570052
Bitcoin,2023-07-01,58766.7059133208
Bitcoin,2023-07-02,42011.0137948414
Bitcoin,2023-07-03,52020.6342387361
Bitcoin,2023-07-04,52622.5143549824
Bitcoin,2023-07-05,57517.4609947882
Bitcoin,2023-07-06,52065.727659768
Bitcoin,2023-07-07,53974.4145172956
Bitcoin,2023-07-08,44916.8614093601
Bitcoin,2023-07-09,45335.3214808516
Bitcoin,2023-07-10,42744.9443683809
Bitcoin,2023-07-11,53142.3214656492
Bitcoin,2023-07-12,48203.099591253
Bitcoin,2023-07-13,59611.2601842267
Bitcoin,2023-07-14,58221.4113907252
Bitcoin,2023-07-15,44427.981405208
Bitcoin,2023-07-16,59819.9295954803
Bitcoin,2023-07-17,55900.4511025531
Bitcoin,2023-07-18,56167.8192021924
Bitcoin,2023-07-19,47063.6321958871
Bitcoin,2023-07-20,56819.1375939996
Bitcoin,2023-07-21,45962.5326722423
Bitcoin,2023-07-22,43704.3003370275
Bitcoin,2023-07-23,56019.441253932
Bitcoin,2023-07-24,56581.9348954961
Bitcoin,2023-07-25,52032.5916767019
Bitcoin,2023-07-26,52903.0479702107
Bitcoin,2023-07-27,47090.0438988866
Bitcoin,2023-07-28,55147.4477494903
Bitcoin,2023-07-29,49668.5547055586
Bitcoin,2023-07-30,46487.803717734
Bitcoin,2023-07-31,59327.465693417
Bitcoin,2023-08-01,44796.0633117262
Bitcoin,2023-08-02,41372.8417919629
Bitcoin,2023-08-03,42902.3877936046
Bitcoin,2023-08-04,54628.744421583
Bitcoin,2023-08-05,50192.7325513483
Bitcoin,2023-08-06,52389.5091613597
Bitcoin,2023-08-07,49209.2733204812
Bitcoin,2023-08-08,46559.5710827902
Bitcoin,2023-08-09,41335.0675387513
Bitcoin,2023-08-10,53862.313872561
Bitcoin,2023-08-11,54498.6246172929
Bitcoin,2023-08-12,41141.8831760573
Bitcoin,2023-08-13,44954.2943057433
Bitcoin,2023-08-14,59903.6333274362
Bitcoin,2023-08-15,41195.8738970341
Bitcoin,2023-08-16,58134.1597987089
Bitcoin,2023-08-17,43381.5113275524
Bitcoin,2023-08-18,42776.0431503643
Bitcoin,2023-08-19,44279.7859390004
Bitcoin,2023-08-20,50371.2963650737
Bitcoin,2023-08-21,59294.9431017018
Bitcoin,2023-08-22,51360.2798012018
Bitcoin,2023-08-23,55386.8759161308
Bitcoin,2023-08-24,42513.9226285509
Bitcoin,2023-08-25,52356.1474322132
Bitcoin,2023-08-26,51461.6944877511
Bitcoin,2023-08-27,59333.8821566371
Bitcoin,2023-08-28,52161.4507036613
Bitcoin,2023-08-29,44541.2886227778
Bitcoin,2023-08-30,48341.4078490966
Bitcoin,2023-08-31,55572.1609011938
Bitcoin,2023-09-01,48736.1764822155
Bitcoin,2023-09-02,59414.197000661
Bitcoin,2023-09-03,51909.0240964874
Bitcoin,2023-09-04,57459.964661192
Bitcoin,2023-09-05,53082.0546244756
Bitcoin,2023-09-06,53378.5922092917
Bitcoin,2023-09-07,57511.2811348192
Bitcoin,2023-09-08,43318.9507112599
Bitcoin,2023-09-09,52606.0571696677
Bitcoin,2023-09-10,47841.6691475363
Bitcoin,2023-09-11,42169.5982482041
Bitcoin,2023-09-12,46012.9971701913
Bitcoin,2023-09-13,55394.5664913556
Bitcoin,2023-09-14,47061.6253326032
Bitcoin,2023-09-15,45953.6333915565
Bitcoin,2023-09-16,46368.7268493879
Bitcoin,2023-09-17,58172.5673425401
Bitcoin,2023-09-18,52704.9394383886
Bitcoin,2023-09-19,44810.8086130623
Bitcoin,2023-09-20,41584.2064128784
Bitcoin,2023-09-21,49511.3684542226
Bitcoin,2023-09-22,47810.1506365222
Bitcoin,2023-09-23,42866.0983602412
Bitcoin,2023-09-24,53614.6985973043
Bitcoin,2023-09-25,40445.4550519769
Bitcoin,2023-09-26,43427.8037688395
Bitcoin,2023-09-27,43479.6747648599
Bitcoin,2023-09-28,40765.6226593408
Bitcoin,2023-09-29,43049.6653469334
Bitcoin,2023-09-30,58860.6298290756
Bitcoin,2023-10-01,41888.5125763383
Bitcoin,2023-10-02,47758.4293375685
Bitcoin,2023-10-03,54600.1222072168
Bitcoin,2023-10-04,45891.8903106895
Bitcoin,2023-10-05,51377.0235649091
Bitcoin,2023-10-06,42601.8462780438
Bitcoin,2023-10-07,44700.7005625208
Bitcoin,2023-10-08,52197.2326012282
Bitcoin,2023-10-09,57217.2460413408
Bitcoin,2023-10-10,41056.5862793388
Bitcoin,2023-10-11,40821.0657395713
Bitcoin,2023-10-12,41153.8386261118
Bitcoin,2023-10-13,58005.0169753455
Bitcoin,2023-10-14,51840.890853727
Bitcoin,2023-10-15,42915.2205544456
Bitcoin,2023-10-16,57161.9067893132
Bitcoin,2023-10-17,43607.1412535055
Bitcoin,2023-10-18,53722.6583117104
Bitcoin,2023-10-19,42819.0510926796
Bitcoin,2023-10-20,46380.9866840051
Bitcoin,2023-10-21,50109.1311233541
Bitcoin,2023-10-22,50451.4043352434
Bitcoin,2023-10-23,57861.9221232173
Bitcoin,2023-10-24,56560.2711029833
Bitcoin,2023-10-25,41831.0159224764
Bitcoin,2023-10-26,50162.1630424472
Bitcoin,2023-10-27,43256.2225828388
Bitcoin,2023-10-28,44494.4968819957
Bitcoin,2023-10-29,44485.6961688377
Bitcoin,2023-10-30,54588.7047362151
Bitcoin,2023-10-31,48071.9074361532
Bitcoin,2023-11-01,58687.241117285
Bitcoin,2023-11-02,41815.7390004187
Bitcoin,2023-11-03,45972.3442202718
Bitcoin,2023-11-04,52210.9754350877
Bitcoin,2023-11-05,49525.443716689
Bitcoin,2023-11-06,52049.9369159632
Bitcoin,2023-11-07,54201.4797725708
Bitcoin,2023-11-08,52710.7919643071
Bitcoin,2023-11-09,49924.8471002236
Bitcoin,2023-11-10,43163.4529600308
Bitcoin,2023-11-11,53824.2933914598
Bitcoin,2023-11-12,54511.1320862458
Bitcoin,2023-11-13,55017.7944055779
Bitcoin,2023-11-14,40313.9096584984
Bitcoin,2023-11-15,43976.7948680388
Bitcoin,2023-11-16,54189.6529245807
Bitcoin,2023-11-17,54426.0485057311
Bitcoin,2023-11-18,41676.9282103172
Bitcoin,2023-11-19,57802.568825895
Bitcoin,2023-11-20,45143.637178077
Bitcoin,2023-11-21,43499.4081190951
Bitcoin,2023-11-22,55778.9047780002
Bitcoin,2023-11-23,44035.8058867409
Bitcoin,2023-11-24,51055.8927041826
Bitcoin,2023-11-25,40730.0630615298
Bitcoin,2023-11-26,52767.9529545481
Bitcoin,2023-11-27,48469.5317385991
Bitcoin,2023-11-28,52408.1507458679
Bitcoin,2023-11-29,54743.0071035735
Bitcoin,2023-11-30,47547.6055751848
Bitcoin,2023-12-01,47004.7529886422
Bitcoin,2023-12-02,43241.9466990151
Bitcoin,2023-12-03,44551.943616881
Bitcoin,2023-12-04,40625.8181456156
Bitcoin,2023-12-05,46239.0755337139
Bitcoin,2023-12-06,49453.5897970778
Bitcoin,2023-12-07,46541.7621855158
Bitcoin,2023-12-08,49333.2994872168
Bitcoin,2023-12-09,43760.9443049422
Bitcoin,2023-12-10,40200.3854697491
Bitcoin,2023-12-11,54080.1539039391
Bitcoin,2023-12-12,50119.1602226034
Bitcoin,2023-12-13,58350.6960709296
Bitcoin,2023-12-14,55109.5873240584
Bitcoin,2023-12-15,52711.5440692322
Bitcoin,2023-12-16,41046.5007116544
Bitcoin,2023-12-17,46967.6642746043
Bitcoin,2023-12-18,49950.5233779804
Bitcoin,2023-12-19,50522.3573747793
Bitcoin,2023-12-20,47477.835063836
Bitcoin,2023-12-21,46393.2227377214
Bitcoin,2023-12-22,40973.3379611447
Bitcoin,2023-12-23,46938.6458804088
Bitcoin,2023-12-24,47928.5757447605
Bitcoin,2023-12-25,53059.4530738296
Bitcoin,2023-12-26,52997.6056250587
Bitcoin,2023-12-27,40317.328296181
Bitcoin,2023-12-28,41985.1574623231
Bitcoin,2023-12-29,45197.7329084798
Bitcoin,2023-12-30,46398.9467994961
Bitcoin,2023-12-31,59307.9279185984
Bitcoin,2024-01-01,43470.1904749448
Bitcoin,2024-01-02,53578.1493935062
Bitcoin,2024-01-03,57778.2688608714
Bitcoin,2024-01-04,49268.903748254
Bitcoin,2024-01-05,57628.1129759161
Bitcoin,2024-01-06,50408.0576927436
Bitcoin,2024-01-07,57060.8385848088
Bitcoin,2024-01-08,53104.6617756996
Bitcoin,2024-01-09,42894.5326598638
Bitcoin,2024-01-10,49378.244588728
Bitcoin,2024-01-11,50383.9451553473
Bitcoin,2024-01-12,51510.4478199758
Bitcoin,2024-01-13,56242.6111733019
Bitcoin,2024-01-14,57944.7006524144
Bitcoin,2024-01-15,58082.756466554
Bitcoin,2024-01-16,45236.4454276833
Bitcoin,2024-01-17,43001.5278460587
Bitcoin,2024-01-18,57706.0102904003
Bitcoin,2024-01-19,40517.7958019514
Bitcoin,2024-01-20,51271.0023842994
Bitcoin,2024-01-21,45462.3044469243
Bitcoin,2024-01-22,52372.859443959
Bitcoin,2024-01-23,43577.6870334141
Bitcoin,2024-01-24,48929.0213119993
Bitcoin,2024-01-25,43903.0191766146
Bitcoin,2024-01-26,52355.1079579502
Bitcoin,2024-01-27,41597.9232296109
Bitcoin,2024-01-28,52194.5869092278
Bitcoin,2024-01-29,48196.7509575091
Bitcoin,2024-01-30,57467.5082592714
Bitcoin,2024-01-31,43061.982644627
Bitcoin,2024-02-01,44251.6978581346
Bitcoin,2024-02-02,51592.0107328305
Ethereum,2023-01-01,3258.9848264963
Ethereum,2023-01-02,4706.5076814207
Ethereum,2023-01-03,3437.160195935
Ethereum,2023-01-04,3282.782724757
Ethereum,2023-01-05,4303.9674653627
Ethereum,2023-01-06,4148.4352021565
Ethereum,2023-01-07,3959.0421501289
Ethereum,2023-01-08,4434.0214450844
Ethereum,2023-01-09,3868.8378823738
Ethereum,2023-01-10,4415.7805780419
Ethereum,2023-01-11,3541.4711604411
Ethereum,2023-01-12,4393.8807759981
Ethereum,2023-01-13,3466.4088644018
Ethereum,2023-01-14,3469.851354221
Ethereum,2023-01-15,3755.2203647613
Ethereum,2023-01-16,3481.5156197522
Ethereum,2023-01-17,3344.9933983551
Ethereum,2023-01-18,4265.6091763995
Ethereum,2023-01-19,3772.2373424285
Ethereum,2023-01-20,4370.8401617614
Ethereum,2023-01-21,3949.3856308557
Ethereum,2023-01-22,4639.9026995395
Ethereum,2023-01-23,4212.7126576646
Ethereum,2023-01-24,4795.6214289708
Ethereum,2023-01-25,4112.3952877825
Ethereum,2023-01-26,3806.0550198143
Ethereum,2023-01-27,3579.1711394508
Ethereum,2023-01-28,4771.2750715933
Ethereum,2023-01-29,3833.0386715106
Ethereum,2023-01-30,4593.9804302562
Ethereum,2023-01-31,3361.1370729071
Ethereum,2023-02-01,4728.4205834906
Ethereum,2023-02-02,3770.6951832376
Ethereum,2023-02-03,3608.8671000857
Ethereum,2023-02-04,4773.4972430096
Ethereum,2023-02-05,4739.9954237234
Ethereum,2023-02-06,3851.1998842724
Ethereum,2023-02-07,3254.5036463622
Ethereum,2023-02-08,4654.5922193461
Ethereum,2023-02-09,3599.9929427007
Ethereum,2023-02-10,4635.8935136986
Ethereum,2023-02-11,3429.4179320985
Ethereum,2023-02-12,3553.0995463685
Ethereum,2023-02-13,3657.2591034399
Ethereum,2023-02-14,4670.3499739951
Ethereum,2023-02-15,3536.7152172429
Ethereum,2023-02-16,4255.9460395775
Ethereum,2023-02-17,4334.2029494459
Ethereum,2023-02-18,4428.1736815103
Ethereum,2023-02-19,4241.4040226005
Ethereum,2023-02-20,4665.9528290815
Ethereum,2023-02-21,4715.7776949779
Ethereum,2023-02-22,3476.1351674911
Ethereum,2023-02-23,4201.9551114915
Ethereum,2023-02-24,3784.1341391432
Ethereum,2023-02-25,4797.0305226414
Ethereum,2023-02-26,4644.3748301811
Ethereum,2023-02-27,4265.3457222869
Ethereum,2023-02-28,4402.1084122191
Ethereum,2023-03-01,4578.0080486569
Ethereum,2023-03-02,3716.4398592196
Ethereum,2023-03-03,3635.5797666183
Ethereum,2023-03-04,4335.3180218146
Ethereum,2023-03-05,3770.8311786827
Ethereum,2023-03-06,3324.8224108749
Ethereum,2023-03-07,4517.7615389268
Ethereum,2023-03-08,4006.1679460526
Ethereum,2023-03-09,3518.8543010593
Ethereum,2023-03-10,3577.1478429718
Ethereum,2023-03-11,3974.8415296246
Ethereum,2023-03-12,4313.8246968575
Ethereum,2023-03-13,4012.808800932
Ethereum,2023-03-14,3458.9070811408
Ethereum,2023-03-15,4305.5026511996
Ethereum,2023-03-16,4747.2553126842
Ethereum,2023-03-17,4718.2464056953
Ethereum,2023-03-18,4241.6867976737
Ethereum,2023-03-19,3460.0522354626
Ethereum,2023-03-20,3261.1749247271
Ethereum,2023-03-21,4285.8770505253
Ethereum,2023-03-22,4565.687889156
Ethereum,2023-03-23,3689.9370154387
Ethereum,2023-03-24,3215.7241630701
Ethereum,2023-03-25,3322.7151840324
Ethereum,2023-03-26,3298.0088483096
Ethereum,2023-03-27,3724.1588837062
Ethereum,2023-03-28,4257.6716602081
Ethereum,2023-03-29,4425.0725898776
Ethereum,2023-03-30,4337.4700481198
Ethereum,2023-03-31,4450.1178785402
Ethereum,2023-04-01,3467.4135995355
Ethereum,2023-04-02,4493.7792647363
Ethereum,2023-04-03,3522.7925549564
Ethereum,2023-04-04,3765.213356888
Ethereum,2023-04-05,4485.7031064071
Ethereum,2023-04-06,3476.4405861295
Ethereum,2023-04-07,3900.4577826349
Ethereum,2023-04-08,4310.2194593837
Ethereum,2023-04-09,3300.8061722119
Ethereum,2023-04-10,4407.4392980336
Ethereum,2023-04-11,3489.5150384769
Ethereum,2023-04-12,3527.5788716817
Ethereum,2023-04-13,4351.252969043
Ethereum,2023-04-14,3636.4826506372
Ethereum,2023-04-15,4138.7101387745
Ethereum,2023-04-16,3414.9523948481
Ethereum,2023-04-17,3220.5181108701
Ethereum,2023-04-18,4704.6897887517
Ethereum,2023-04-19,4074.991575306
Ethereum,2023-04-20,3880.2306905999
Ethereum,2023-04-21,4543.3668024682
Ethereum,2023-04-22,4157.7310358486
Ethereum,2023-04-23,4360.1430117943
Ethereum,2023-04-24,3735.1071861035
Ethereum,2023-04-25,3906.7949085778
Ethereum,2023-04-26,4148.9316613278
Ethereum,2023-04-27,3604.5760912978
Ethereum,2023-04-28,4657.8318283685
Ethereum,2023-04-29,4060.6060836956
Ethereum,2023-04-30,4417.2445881908
Ethereum,2023-05-01,3256.2783733897
Ethereum,2023-05-02,4112.9331936941
Ethereum,2023-05-03,4457.5544070938
Ethereum,2023-05-04,3674.4487607544
Ethereum,2023-05-05,4044.7590024005
Ethereum,2023-05-06,4438.2289861466
Ethereum,2023-05-07,4198.4563473614
Ethereum,2023-05-08,3273.227489725
Ethereum,2023-05-09,3575.5693193717
Ethereum,2023-05-10,4313.4003955235
Ethereum,2023-05-11,3608.5895662913
Ethereum,2023-05-12,3691.6498895157
Ethereum,2023-05-13,3644.0185948059
Ethereum,2023-05-14,4382.6411399501
Ethereum,2023-05-15,4263.2373349508
Ethereum,2023-05-16,3504.0600868386
Ethereum,2023-05-17,4784.4615623974
Ethereum,2023-05-18,3370.2196958334
Ethereum,2023-05-19,3206.111964399
Ethereum,2023-05-20,4185.6916736459
Ethereum,2023-05-21,4137.0197531125
Ethereum,2023-05-22,3384.7007911631
Ethereum,2023-05-23,3339.1503592453
Ethereum,2023-05-24,4599.2834384965
Ethereum,2023-05-25,3963.5162589559
Ethereum,2023-05-26,4395.0808566016
Ethereum,2023-05-27,4498.7604093276
Ethereum,2023-05-28,3619.7004322899
Ethereum,2023-05-29,4794.1634415451
Ethereum,2023-05-30,4263.4345341995
Ethereum,2023-05-31,4258.4824493714
Ethereum,2023-06-01,4719.4785579258
Ethereum,2023-06-02,3969.8201877722
Ethereum,2023-06-03,3562.063717057
Ethereum,2023-06-04,4398.2894969035
Ethereum,2023-06-05,4453.9204448594
Ethereum,2023-06-06,4323.3261331745
Ethereum,2023-06-07,3355.5752291431
Ethereum,2023-06-08,4750.0795207425
Ethereum,2023-06-09,4026.0188615182
Ethereum,2023-06-10,4533.2639280863
Ethereum,2023-06-11,4713.9974408502
Ethereum,2023-06-12,4314.0769698854
Ethereum,2023-06-13,3385.4176008976
Ethereum,2023-06-14,4059.6129605332
Ethereum,2023-06-15,4488.9013296126
Ethereum,2023-06-16,4651.9606102606
Ethereum,2023-06-17,4721.3182253018
Ethereum,2023-06-18,4118.9494171481
Ethereum,2023-06-19,4537.40822191
Ethereum,2023-06-20,3324.5145416065
Ethereum,2023-06-21,4544.0515731374
Ethereum,2023-06-22,3947.4714519589
Ethereum,2023-06-23,4581.3022513879
Ethereum,2023-06-24,3881.8109799677
Ethereum,2023-06-25,3532.3190710847
Ethereum,2023-06-26,3353.4639298563
Ethereum,2023-06-27,3934.4454393568
Ethereum,2023-06-28,4449.0323766192
Ethereum,2023-06-29,4560.7249418389
Ethereum,2023-06-30,3861.2028725109
Ethereum,2023-07-01,3240.5396083532
Ethereum,2023-07-02,3713.9034883958
Ethereum,2023-07-03,4724.319033537
Ethereum,2023-07-04,3327.897838427
Ethereum,2023-07-05,4734.5338416271
Ethereum,2023-07-06,4336.1921701999
Ethereum,2023-07-07,3372.8715818724
Ethereum,2023-07-08,4045.7818159385
Ethereum,2023-07-09,4248.8397783357
Ethereum,2023-07-10,3384.3031757444
Ethereum,2023-07-11,4036.756788844
Ethereum,2023-07-12,4650.7274051727
Ethereum,2023-07-13,4182.9170515508
Ethereum,2023-07-14,4024.7670990482
Ethereum,2023-07-15,4400.8272620958
Ethereum,2023-07-16,3500.9437244715
Ethereum,2023-07-17,4000.5440984802
Ethereum,2023-07-18,4606.7106275622
Ethereum,2023-07-19,3644.1997259761
Ethereum,2023-07-20,3830.4800740827
Ethereum,2023-07-21,4120.2505902238
Ethereum,2023-07-22,3419.1502614336
Ethereum,2023-07-23,4047.7492144973
Ethereum,2023-07-24,3735.2708660783
Ethereum,2023-07-25,3292.7024196747
Ethereum,2023-07-26,3533.5427518284
Ethereum,2023-07-27,4444.3369078619
Ethereum,2023-07-28,3872.6237877174
Ethereum,2023-07-29,4221.2588591477
Ethereum,2023-07-30,3815.9520308161
Ethereum,2023-07-31,4711.7421140595
Ethereum,2023-08-01,3509.6765776896
Ethereum,2023-08-02,3206.8345435049
Ethereum,2023-08-03,4031.6530186817
Ethereum,2023-08-04,4331.2237743117
Ethereum,2023-08-05,3571.3534617431
Ethereum,2023-08-06,4588.9912692303
Ethereum,2023-08-07,4570.2766264398
Ethereum,2023-08-08,4614.2357713298
Ethereum,2023-08-09,4538.9164889462
Ethereum,2023-08-10,3300.3263581374
Ethereum,2023-08-11,4581.3250873172
Ethereum,2023-08-12,4422.3909085248
Ethereum,2023-08-13,3768.0529801476
Ethereum,2023-08-14,3628.3605416124
Ethereum,2023-08-15,4236.3892047568
Ethereum,2023-08-16,3253.7025102221
Ethereum,2023-08-17,4398.3198844233
Ethereum,2023-08-18,3239.9910081025
Ethereum,2023-08-19,3258.3060339841
Ethereum,2023-08-20,3958.3063221053
Ethereum,2023-08-21,4285.6382520995
Ethereum,2023-08-22,3315.891869622
Ethereum,2023-08-23,3679.0245435434
Ethereum,2023-08-24,4179.5133143508
Ethereum,2023-08-25,4485.7324356342
Ethereum,2023-08-26,3593.4035512805
Ethereum,2023-08-27,3255.1632667311
Ethereum,2023-08-28,3331.8484868068
Ethereum,2023-08-29,4584.1898162694
Ethereum,2023-08-30,3468.3277410335
Ethereum,2023-08-31,4299.5970276525
Ethereum,2023-09-01,3838.184140987
Ethereum,2023-09-02,3775.4408837384
Ethereum,2023-09-03,4433.3661408566
Ethereum,2023-09-04,4783.903299459
Ethereum,2023-09-05,4641.0551675475
Ethereum,2023-09-06,4336.9375639886
Ethereum,2023-09-07,4172.5602814648
Ethereum,2023-09-08,4799.1222124915
Ethereum,2023-09-09,3787.3131303257
Ethereum,2023-09-10,4738.4856026217
Ethereum,2023-09-11,3599.7620630034
Ethereum,2023-09-12,3296.9960929515
Ethereum,2023-09-13,3728.4746314867
Ethereum,2023-09-14,3216.8946085312
Ethereum,2023-09-15,4423.1022384957
Ethereum,2023-09-16,4685.0062312797
Ethereum,2023-09-17,3450.0443578364
Ethereum,2023-09-18,3824.1815523003
Ethereum,2023-09-19,3368.6241477468
Ethereum,2023-09-20,4574.3577767193
Ethereum,2023-09-21,4322.2643232631
Ethereum,2023-09-22,3910.6641888468
Ethereum,2023-09-23,4438.8019897222
Ethereum,2023-09-24,3995.989910768
Ethereum,2023-09-25,4164.6525812284
Ethereum,2023-09-26,4198.6604095801
Ethereum,2023-09-27,3524.5811843537
Ethereum,2023-09-28,4738.0777589212
Ethereum,2023-09-29,4179.2822479114
Ethereum,2023-09-30,3890.1928993291
Ethereum,2023-10-01,4593.7133483425
Ethereum,2023-10-02,3859.3623981253
Ethereum,2023-10-03,4614.569927032
Ethereum,2023-10-04,4665.6462472579
Ethereum,2023-10-05,4335.3553747064
Ethereum,2023-10-06,3259.5068072177
Ethereum,2023-10-07,4544.6842106183
Ethereum,2023-10-08,3361.7840123505
Ethereum,2023-10-09,4609.122666107
Ethereum,2023-10-10,3661.6304982908
Ethereum,2023-10-11,3234.6056428157
Ethereum,2023-10-12,4254.3444367868
Ethereum,2023-10-13,3698.9226805139
Ethereum,2023-10-14,3212.1926998642
Ethereum,2023-10-15,3786.9481756843
Ethereum,2023-10-16,3841.3902533103
Ethereum,2023-10-17,4717.7601116746
Ethereum,2023-10-18,3249.8153824013
Ethereum,2023-10-19,4189.886645914
Ethereum,2023-10-20,3757.1441234047
Ethereum,2023-10-21,3249.4562402436
Ethereum,2023-10-22,3596.5835799311
Ethereum,2023-10-23,3614.5415846223
Ethereum,2023-10-24,4785.2366282423
Ethereum,2023-10-25,4292.7274992222
Ethereum,2023-10-26,3723.3522453753
Ethereum,2023-10-27,4328.0382106278
Ethereum,2023-10-28,3783.5255108917
Ethereum,2023-10-29,4080.5052933425
Ethereum,2023-10-30,4037.933370706
Ethereum,2023-10-31,4430.6587477172
Ethereum,2023-11-01,4554.3286816336
Ethereum,2023-11-02,3632.781265532
Ethereum,2023-11-03,3481.0852063784
Ethereum,2023-11-04,3717.8826945398
Ethereum,2023-11-05,4239.3125528202
Ethereum,2023-11-06,4621.163392284
Ethereum,2023-11-07,4565.9542341165
Ethereum,2023-11-08,4790.0759360096
Ethereum,2023-11-09,3311.0874084087
Ethereum,2023-11-10,3469.4704939367
Ethereum,2023-11-11,3775.4427273156
Ethereum,2023-11-12,4114.8639674343
Ethereum,2023-11-13,3548.0847163957
Ethereum,2023-11-14,4010.9233005885
Ethereum,2023-11-15,3263.0506299899
Ethereum,2023-11-16,4006.5925113597
Ethereum,2023-11-17,3686.9466362171
Ethereum,2023-11-18,3491.4284754021
Ethereum,2023-11-19,3263.3073591899
Ethereum,2023-11-20,3412.290257621
Ethereum,2023-11-21,4060.8210423468
Ethereum,2023-11-22,4192.2993398868
Ethereum,2023-11-23,4196.9075651593
Ethereum,2023-11-24,4411.7727169962
Ethereum,2023-11-25,4304.0565553084
Ethereum,2023-11-26,3638.9971161955
Ethereum,2023-11-27,4234.6637654302
Ethereum,2023-11-28,4413.7535708714
Ethereum,2023-11-29,3908.6712615382
Ethereum,2023-11-30,3223.0930200778
Ethereum,2023-12-01,3767.7728634044
Ethereum,2023-12-02,3435.5793826517
Ethereum,2023-12-03,4111.0798233715
Ethereum,2023-12-04,3410.8473928249
Ethereum,2023-12-05,4797.2470409045
Ethereum,2023-12-06,3936.3790746689
Ethereum,2023-12-07,3433.888223112
Ethereum,2023-12-08,4148.2534533357
Ethereum,2023-12-09,3445.7103851091
Ethereum,2023-12-10,4210.5788654586
Ethereum,2023-12-11,4045.9476260444
Ethereum,2023-12-12,3350.4294334042
Ethereum,2023-12-13,4466.7333451493
Ethereum,2023-12-14,3881.7004832794
Ethereum,2023-12-15,3729.453661918
Ethereum,2023-12-16,3306.0538420931
Ethereum,2023-12-17,3908.953544155
Ethereum,2023-12-18,3421.2616986002
Ethereum,2023-12-19,4732.2619518233
Ethereum,2023-12-20,4609.0530950919
Ethereum,2023-12-21,4486.3731676326
Ethereum,2023-12-22,3848.615780715
Ethereum,2023-12-23,4732.1219450539
Ethereum,2023-12-24,3740.3893527213
Ethereum,2023-12-25,4049.6478582489
Ethereum,2023-12-26,3201.4829382888
Ethereum,2023-12-27,4383.8422476732
Ethereum,2023-12-28,4398.222285892
Ethereum,2023-12-29,4392.7264626603
Ethereum,2023-12-30,4159.9543519241
Ethereum,2023-12-31,3772.809181162
Ethereum,2024-01-01,4275.7266832752
Ethereum,2024-01-02,3905.4587486738
Ethereum,2024-01-03,4575.4035926762
Ethereum,2024-01-04,4199.7376563054
Ethereum,2024-01-05,3848.8874689212
Ethereum,2024-01-06,4066.2653069812
Ethereum,2024-01-07,4359.5534981224
Ethereum,2024-01-08,4627.0777247706
Ethereum,2024-01-09,3496.2843403323
Ethereum,2024-01-10,4549.3262066793
Ethereum,2024-01-11,3506.6742459291
Ethereum,2024-01-12,3960.8868811614
Ethereum,2024-01-13,3445.5164005216
Ethereum,2024-01-14,4202.5980996428
Ethereum,2024-01-15,4546.6165982997
Ethereum,2024-01-16,3828.7371236793
Ethereum,2024-01-17,4666.6282536666
Ethereum,2024-01-18,3637.8521190341
Ethereum,2024-01-19,4078.1773614328
Ethereum,2024-01-20,4004.6170631903
Ethereum,2024-01-21,3781.0722571484
Ethereum,2024-01-22,3914.8942759094
Ethereum,2024-01-23,4530.586076969
Ethereum,2024-01-24,4118.6797064352
Ethereum,2024-01-25,4658.4804976186
Ethereum,2024-01-26,3400.3251519766
Ethereum,2024-01-27,3418.2181279658
Ethereum,2024-01-28,3490.3132620379
Ethereum,2024-01-29,4360.7781296705
Ethereum,2024-01-30,3246.448989861
Ethereum,2024-01-31,3879.7219815537
Ethereum,2024-02-01,3785.2501253546
Ethereum,2024-02-02,3376.9440631684
Ripple,2023-01-01,0.8896311715
Ripple,2023-01-02,1.1957166262
Ripple,2023-01-03,0.9929860133
Ripple,2023-01-04,1.0636994273
Ripple,2023-01-05,0.8289638533
Ripple,2023-01-06,1.1430385547
Ripple,2023-01-07,0.8553612546
Ripple,2023-01-08,0.846955888
Ripple,2023-01-09,0.8156684064
Ripple,2023-01-10,1.0934437727
Ripple,2023-01-11,1.1810082205
Ripple,2023-01-12,0.9810788308
Ripple,2023-01-13,1.0615021186
Ripple,2023-01-14,1.0881757289
Ripple,2023-01-15,1.0377260529
Ripple,2023-01-16,0.9158490864
Ripple,2023-01-17,0.811464776
Ripple,2023-01-18,1.0799638355
Ripple,2023-01-19,0.8072946397
Ripple,2023-01-20,0.9996560758
Ripple,2023-01-21,0.9597589764
Ripple,2023-01-22,1.0951824856
Ripple,2023-01-23,0.9857669111
Ripple,2023-01-24,0.9636575928
Ripple,2023-01-25,0.9665862072
Ripple,2023-01-26,1.1204206527
Ripple,2023-01-27,0.9797879229
Ripple,2023-01-28,1.0926234828
Ripple,2023-01-29,1.1939992025
Ripple,2023-01-30,0.8988995214
Ripple,2023-01-31,1.1676547014
Ripple,2023-02-01,0.9480793075
Ripple,2023-02-02,1.0115406903
Ripple,2023-02-03,0.8812460221
Ripple,2023-02-04,0.8499676203
Ripple,2023-02-05,1.1943376229
Ripple,2023-02-06,0.9475923139
Ripple,2023-02-07,1.0716559561
Ripple,2023-02-08,1.1416251431
Ripple,2023-02-09,0.8056479536
Ripple,2023-02-10,1.1448732656
Ripple,2023-02-11,1.078702151
Ripple,2023-02-12,0.8917769513
Ripple,2023-02-13,1.0767041061
Ripple,2023-02-14,1.1751545538
Ripple,2023-02-15,1.1578331122
Ripple,2023-02-16,0.9371621139
Ripple,2023-02-17,0.9262666895
Ripple,2023-02-18,0.9614760609
Ripple,2023-02-19,0.8800808399
Ripple,2023-02-20,0.9876245898
Ripple,2023-02-21,1.1297157027
Ripple,2023-02-22,0.8474371645
Ripple,2023-02-23,0.8517478021
Ripple,2023-02-24,1.143170791
Ripple,2023-02-25,0.933464263
Ripple,2023-02-26,1.0168728407
Ripple,2023-02-27,1.1581599482
Ripple,2023-02-28,1.0958851005
Ripple,2023-03-01,1.1811674067
Ripple,2023-03-02,0.9484017193
Ripple,2023-03-03,0.9283501029
Ripple,2023-03-04,0.8577364807
Ripple,2023-03-05,1.1935919424
Ripple,2023-03-06,0.9130525492
Ripple,2023-03-07,0.8910323108
Ripple,2023-03-08,0.9314799516
Ripple,2023-03-09,1.0242537774
Ripple,2023-03-10,1.1993451996
Ripple,2023-03-11,0.993331791
Ripple,2023-03-12,1.1518394746
Ripple,2023-03-13,0.9700569147
Ripple,2023-03-14,0.9444260635
Ripple,2023-03-15,0.8769602611
Ripple,2023-03-16,0.9649844161
Ripple,2023-03-17,1.0422976558
Ripple,2023-03-18,0.8574680414
Ripple,2023-03-19,0.8775218787
Ripple,2023-03-20,1.0398787248
Ripple,2023-03-21,0.9416522061
Ripple,2023-03-22,0.8037954648
Ripple,2023-03-23,1.1642320789
Ripple,2023-03-24,1.1334671922
Ripple,2023-03-25,1.1015526424
Ripple,2023-03-26,0.9035473702
Ripple,2023-03-27,1.0632948372
Ripple,2023-03-28,0.8508104987
Ripple,2023-03-29,0.8139136369
Ripple,2023-03-30,0.9654281637
Ripple,2023-03-31,1.1654410727
Ripple,2023-04-01,0.9965432832
Ripple,2023-04-02,1.1066846977
Ripple,2023-04-03,1.1306503862
Ripple,2023-04-04,1.0287234528
Ripple,2023-04-05,1.0615048107
Ripple,2023-04-06,1.1009263808
Ripple,2023-04-07,1.0459914472
Ripple,2023-04-08,1.0538821065
Ripple,2023-04-09,0.8683597515
Ripple,2023-04-10,0.8388256752
Ripple,2023-04-11,1.022337043
Ripple,2023-04-12,0.8394513369
Ripple,2023-04-13,0.8826140828
Ripple,2023-04-14,0.8795200512
Ripple,2023-04-15,0.838563469
Ripple,2023-04-16,0.9289872576
Ripple,2023-04-17,0.8009738288
Ripple,2023-04-18,1.0637633929
Ripple,2023-04-19,1.0838152788
Ripple,2023-04-20,1.0302313518
Ripple,2023-04-21,0.8536780673
Ripple,2023-04-22,1.19525688
Ripple,2023-04-23,1.0797927802
Ripple,2023-04-24,1.0347700276
Ripple,2023-04-25,1.0135729503
Ripple,2023-04-26,1.1042421034
Ripple,2023-04-27,1.0240122256
Ripple,2023-04-28,0.8580246385
Ripple,2023-04-29,1.0617749018
Ripple,2023-04-30,1.0436387569
Ripple,2023-05-01,0.9030673796
Ripple,2023-05-02,0.8000980879
Ripple,2023-05-03,1.0659132736
Ripple,2023-05-04,0.9196437707
Ripple,2023-05-05,1.0805758629
Ripple,2023-05-06,0.814306126
Ripple,2023-05-07,1.1831311814
Ripple,2023-05-08,1.0697149336
Ripple,2023-05-09,0.8237316148
Ripple,2023-05-10,0.956751878
Ripple,2023-05-11,0.9267746464
Ripple,2023-05-12,1.0939016454
Ripple,2023-05-13,1.173939089
Ripple,2023-05-14,1.1427432637
Ripple,2023-05-15,0.9042576675
Ripple,2023-05-16,1.1230505163
Ripple,2023-05-17,1.1382875693
Ripple,2023-05-18,1.1755338318
Ripple,2023-05-19,0.9237152182
Ripple,2023-05-20,0.8376708921
Ripple,2023-05-21,0.818920546
Ripple,2023-05-22,0.9089185232
Ripple,2023-05-23,1.0743052889
Ripple,2023-05-24,0.8579081629
Ripple,2023-05-25,1.1933057471
Ripple,2023-05-26,0.9909472727
Ripple,2023-05-27,1.0930912353
Ripple,2023-05-28,0.9553757221
Ripple,2023-05-29,0.8472520195
Ripple,2023-05-30,0.9803211388
Ripple,2023-05-31,1.0211575713
Ripple,2023-06-01,1.062135405
Ripple,2023-06-02,0.9988659607
Ripple,2023-06-03,0.8401107114
Ripple,2023-06-04,1.0015160908
Ripple,2023-06-05,0.9447945147
Ripple,2023-06-06,1.106234412
Ripple,2023-06-07,1.0455113572
Ripple,2023-06-08,0.8216880058
Ripple,2023-06-09,0.9234746131
Ripple,2023-06-10,1.1558618502
Ripple,2023-06-11,1.0014101353
Ripple,2023-06-12,0.8376525264
Ripple,2023-06-13,1.0837169963
Ripple,2023-06-14,1.1189808562
Ripple,2023-06-15,0.9944711464
Ripple,2023-06-16,0.9698573318
Ripple,2023-06-17,1.0127440669
Ripple,2023-06-18,1.1665907026
Ripple,2023-06-19,0.8272487417
Ripple,2023-06-20,1.1085557324
Ripple,2023-06-21,0.9941095349
Ripple,2023-06-22,0.9542489442
Ripple,2023-06-23,1.0479629175
Ripple,2023-06-24,0.8307161659
Ripple,2023-06-25,0.8538028144
Ripple,2023-06-26,1.0210498798
Ripple,2023-06-27,1.1864878533
Ripple,2023-06-28,1.1699033
Ripple,2023-06-29,0.8458732429
Ripple,2023-06-30,0.9373807331
Ripple,2023-07-01,0.9061405347
Ripple,2023-07-02,0.879451994
Ripple,2023-07-03,0.982893579
Ripple,2023-07-04,0.8730475373
Ripple,2023-07-05,0.9746231161
Ripple,2023-07-06,1.0092591469
Ripple,2023-07-07,1.0385190216
Ripple,2023-07-08,0.9367101254
Ripple,2023-07-09,0.8081404947
Ripple,2023-07-10,0.9667715415
Ripple,2023-07-11,1.0959723645
Ripple,2023-07-12,1.1054211597
Ripple,2023-07-13,1.1456637015
Ripple,2023-07-14,1.0160531096
Ripple,2023-07-15,1.0522028867
Ripple,2023-07-16,0.8798253893
Ripple,2023-07-17,1.181451719
Ripple,2023-07-18,1.0643109452
Ripple,2023-07-19,1.0949350367
Ripple,2023-07-20,0.8189182943
Ripple,2023-07-21,0.8653658061
Ripple,2023-07-22,0.9253084837
Ripple,2023-07-23,0.8029754787
Ripple,2023-07-24,0.9729343453
Ripple,2023-07-25,0.8422313094
Ripple,2023-07-26,0.902874443
Ripple,2023-07-27,1.0997578943
Ripple,2023-07-28,1.0249352989
Ripple,2023-07-29,0.9623415054
Ripple,2023-07-30,1.1994170783
Ripple,2023-07-31,0.9913179245
Ripple,2023-08-01,1.1666280489
Ripple,2023-08-02,0.905034845
Ripple,2023-08-03,0.8767546292
Ripple,2023-08-04,0.9451963324
Ripple,2023-08-05,1.151327858
Ripple,2023-08-06,1.0158451874
Ripple,2023-08-07,1.1944858816
Ripple,2023-08-08,0.9443102726
Ripple,2023-08-09,0.8778347438
Ripple,2023-08-10,1.0979641222
Ripple,2023-08-11,0.8839322879
Ripple,2023-08-12,1.0377121136
Ripple,2023-08-13,0.9257711843
Ripple,2023-08-14,1.1608482698
Ripple,2023-08-15,1.0204815664
Ripple,2023-08-16,0.819361408
Ripple,2023-08-17,0.9428291643
Ripple,2023-08-18,1.0737721114
Ripple,2023-08-19,1.1759655592
Ripple,2023-08-20,0.9978621466
Ripple,2023-08-21,1.1627599365
Ripple,2023-08-22,0.8542409353
Ripple,2023-08-23,1.0459851507
Ripple,2023-08-24,1.0136221625
Ripple,2023-08-25,1.0452592416
Ripple,2023-08-26,1.034078974
Ripple,2023-08-27,1.1377471932
Ripple,2023-08-28,1.1825709053
Ripple,2023-08-29,1.0560931045
Ripple,2023-08-30,0.8678672487
Ripple,2023-08-31,1.0108215349
Ripple,2023-09-01,1.1802382366
Ripple,2023-09-02,1.0054519221
Ripple,2023-09-03,0.8263081383
Ripple,2023-09-04,1.1366064567
Ripple,2023-09-05,0.826611442
Ripple,2023-09-06,1.170459298
Ripple,2023-09-07,0.9047358441
Ripple,2023-09-08,1.0563679111
Ripple,2023-09-09,0.8874835355
Ripple,2023-09-10,0.9095034938
Ripple,2023-09-11,1.072442915
Ripple,2023-09-12,1.1269302356
Ripple,2023-09-13,0.967389699
Ripple,2023-09-14,0.88048942
Ripple,2023-09-15,0.9406450178
Ripple,2023-09-16,1.1382916661
Ripple,2023-09-17,0.9304502767
Ripple,2023-09-18,1.0975654917
Ripple,2023-09-19,1.1408465495
Ripple,2023-09-20,1.0284625558
Ripple,2023-09-21,1.0026594081
Ripple,2023-09-22,0.9633621812
Ripple,2023-09-23,0.9346613776
Ripple,2023-09-24,1.0867905125
Ripple,2023-09-25,0.9103440582
Ripple,2023-09-26,1.1660926088
Ripple,2023-09-27,0.8114275409
Ripple,2023-09-28,0.9323084507
Ripple,2023-09-29,0.9545063961
Ripple,2023-09-30,0.8078103052
Ripple,2023-10-01,1.0713973792
Ripple,2023-10-02,1.1270635008
Ripple,2023-10-03,1.0535802573
Ripple,2023-10-04,1.0963028076
Ripple,2023-10-05,0.928830861
Ripple,2023-10-06,1.0399078933
Ripple,2023-10-07,0.8801621694
Ripple,2023-10-08,0.8971716753
Ripple,2023-10-09,0.8230058751
Ripple,2023-10-10,0.8835609753
Ripple,2023-10-11,1.1330077616
Ripple,2023-10-12,1.1776608057
Ripple,2023-10-13,1.1254674405
Ripple,2023-10-14,1.0345514662
Ripple,2023-10-15,1.1540417808
Ripple,2023-10-16,1.133055216
Ripple,2023-10-17,0.8434032858
Ripple,2023-10-18,0.956243084
Ripple,2023-10-19,0.9936565701
Ripple,2023-10-20,0.8449124411
Ripple,2023-10-21,0.9695670215
Ripple,2023-10-22,1.0293571094
Ripple,2023-10-23,0.8622165531
Ripple,2023-10-24,0.9945071505
Ripple,2023-10-25,1.0827182071
Ripple,2023-10-26,1.0691552355
Ripple,2023-10-27,1.0491304888
Ripple,2023-10-28,1.0294179154
Ripple,2023-10-29,1.1166426344
Ripple,2023-10-30,1.012435332
Ripple,2023-10-31,0.9860103779
Ripple,2023-11-01,0.8126637124
Ripple,2023-11-02,1.1687811043
Ripple,2023-11-03,1.1343477137
Ripple,2023-11-04,1.0551569031
Ripple,2023-11-05,0.871093609
Ripple,2023-11-06,1.0312719909
Ripple,2023-11-07,1.1861225772
Ripple,2023-11-08,0.8574019383
Ripple,2023-11-09,1.1196003163
Ripple,2023-11-10,1.0778326287
Ripple,2023-11-11,0.8238631857
Ripple,2023-11-12,0.800334357
Ripple,2023-11-13,0.9674056862
Ripple,2023-11-14,0.9649451598
Ripple,2023-11-15,1.0676829618
Ripple,2023-11-16,1.0115082041
Ripple,2023-11-17,1.0352816677
Ripple,2023-11-18,1.0362290403
Ripple,2023-11-19,0.9022082086
Ripple,2023-11-20,1.1782907753
Ripple,2023-11-21,0.9304336728
Ripple,2023-11-22,1.1858352884
Ripple,2023-11-23,1.0211480443
Ripple,2023-11-24,1.138789116
Ripple,2023-11-25,1.0895524004
Ripple,2023-11-26,1.1178417015
Ripple,2023-11-27,0.8664369932
Ripple,2023-11-28,0.8083580672
Ripple,2023-11-29,1.1766720006
Ripple,2023-11-30,1.0402820745
Ripple,2023-12-01,1.1927623708
Ripple,2023-12-02,1.1568423367
Ripple,2023-12-03,0.8920444551
Ripple,2023-12-04,1.0254679364
Ripple,2023-12-05,0.9053434369
Ripple,2023-12-06,0.872641699
Ripple,2023-12-07,1.1147913095
Ripple,2023-12-08,0.8198133876
Ripple,2023-12-09,0.9692522496
Ripple,2023-12-10,1.0367211579
Ripple,2023-12-11,0.9803436521
Ripple,2023-12-12,1.1466073833
Ripple,2023-12-13,0.9412986625
Ripple,2023-12-14,1.1151289653
Ripple,2023-12-15,1.1513304205
Ripple,2023-12-16,0.9128955905
Ripple,2023-12-17,1.1326378959
Ripple,2023-12-18,0.8938312106
Ripple,2023-12-19,1.1196060381
Ripple,2023-12-20,0.9231894108
Ripple,2023-12-21,1.1213695531
Ripple,2023-12-22,0.8481983682
Ripple,2023-12-23,1.1894953718
Ripple,2023-12-24,0.954359606
Ripple,2023-12-25,0.803073758
Ripple,2023-12-26,1.0845086296
Ripple,2023-12-27,1.1209645803
Ripple,2023-12-28,0.8234099336
Ripple,2023-12-29,1.1329301122
Ripple,2023-12-30,0.9246391562
Ripple,2023-12-31,1.0432299464
Ripple,2024-01-01,1.1885232121
Ripple,2024-01-02,0.9411476864
Ripple,2024-01-03,0.8386646524
Ripple,2024-01-04,1.0550516657
Ripple,2024-01-05,0.9283320244
Ripple,2024-01-06,1.1178127847
Ripple,2024-01-07,0.9177343264
Ripple,2024-01-08,1.1144518171
Ripple,2024-01-09,1.1587716507
Ripple,2024-01-10,0.9819322193
Ripple,2024-01-11,1.0643490205
Ripple,2024-01-12,0.8984403091
Ripple,2024-01-13,1.0632538042
Ripple,2024-01-14,1.193217911
Ripple,2024-01-15,1.016165936
Ripple,2024-01-16,0.9534824494
Ripple,2024-01-17,1.0647792447
Ripple,2024-01-18,0.9751505591
Ripple,2024-01-19,0.850857896
Ripple,2024-01-20,0.8564063153
Ripple,2024-01-21,0.9023012765
Ripple,2024-01-22,1.1080639965
Ripple,2024-01-23,1.189547781
Ripple,2024-01-24,1.0797756607
Ripple,2024-01-25,0.8756302897
Ripple,2024-01-26,1.1898892418
Ripple,2024-01-27,1.1599842352
Ripple,2024-01-28,0.8112834409
Ripple,2024-01-29,0.8249250756
Ripple,2024-01-30,1.1242686778
Ripple,2024-01-31,1.1945234036
Ripple,2024-02-01,0.8606822312
Ripple,2024-02-02,1.0806977758
